--
-- Script was generated by Devart dbForge Studio 2019 for MySQL, Version 8.2.23.0
-- Product home page: http://www.devart.com/dbforge/mysql/studio
-- Script date 2020. 05. 09. 4:30:46
-- Server version: 5.5.5-10.4.6-MariaDB
-- Client version: 4.1
--

-- 
-- Disable foreign keys
-- 
/*!40014 SET @OLD_FOREIGN_KEY_CHECKS=@@FOREIGN_KEY_CHECKS, FOREIGN_KEY_CHECKS=0 */;

-- 
-- Set SQL mode
-- 
/*!40101 SET @OLD_SQL_MODE=@@SQL_MODE, SQL_MODE='NO_AUTO_VALUE_ON_ZERO' */;

-- 
-- Set character set the client will use to send SQL statements to the server
--
SET NAMES 'utf8';

DROP DATABASE IF EXISTS forditasokk;

CREATE DATABASE IF NOT EXISTS forditasokk
	CHARACTER SET utf8
	COLLATE utf8_hungarian_ci;

--
-- Set default database
--
USE forditasokk;

--
-- Create table `kiadok`
--
CREATE TABLE IF NOT EXISTS kiadok (
  ID_kiado INT(11) NOT NULL AUTO_INCREMENT,
  kiado_neve VARCHAR(75) NOT NULL,
  kiado_logo VARCHAR(100) NOT NULL DEFAULT 'altalanos/kepek/kiado.png',
  youtube VARCHAR(100) DEFAULT NULL,
  facebook VARCHAR(100) DEFAULT NULL,
  twitter VARCHAR(100) DEFAULT NULL,
  instagram VARCHAR(100) DEFAULT NULL,
  PRIMARY KEY (ID_kiado)
)
ENGINE = INNODB,
AUTO_INCREMENT = 36,
AVG_ROW_LENGTH = 1820,
CHARACTER SET utf8,
COLLATE utf8_hungarian_ci;

--
-- Create table `eloadok`
--
CREATE TABLE IF NOT EXISTS eloadok (
  ID_eloado INT(11) NOT NULL AUTO_INCREMENT,
  eloado_neve VARCHAR(75) NOT NULL,
  debut_ido DATE DEFAULT NULL,
  kiado_ID INT(11) DEFAULT 26,
  profil_kep VARCHAR(100) DEFAULT 'altalanos/kepek/artist.png',
  fan_club VARCHAR(50) DEFAULT NULL,
  youtube VARCHAR(50) DEFAULT NULL,
  facebook VARCHAR(50) DEFAULT NULL,
  twitter VARCHAR(50) DEFAULT NULL,
  instagram VARCHAR(50) DEFAULT NULL,
  PRIMARY KEY (ID_eloado)
)
ENGINE = INNODB,
AUTO_INCREMENT = 60,
AVG_ROW_LENGTH = 1820,
CHARACTER SET utf8,
COLLATE utf8_hungarian_ci;

--
-- Create foreign key
--
ALTER TABLE eloadok 
  ADD CONSTRAINT FK_eloadok_kiadok_ID_kiado FOREIGN KEY (kiado_ID)
    REFERENCES kiadok(ID_kiado) ON DELETE NO ACTION ON UPDATE NO ACTION;

--
-- Create table `albumok`
--
CREATE TABLE IF NOT EXISTS albumok (
  ID_album INT(11) NOT NULL AUTO_INCREMENT,
  album_cime VARCHAR(75) NOT NULL,
  megjelenes DATE NOT NULL,
  borito VARCHAR(100) DEFAULT 'altalanos/kepek/album.png',
  PRIMARY KEY (ID_album)
)
ENGINE = INNODB,
AUTO_INCREMENT = 65,
AVG_ROW_LENGTH = 1424,
CHARACTER SET utf8,
COLLATE utf8_hungarian_ci;

--
-- Create table `zeneszamok`
--
CREATE TABLE IF NOT EXISTS zeneszamok (
  ID_zenek INT(11) NOT NULL AUTO_INCREMENT,
  zene_cim VARCHAR(100) NOT NULL,
  dalszoveg VARCHAR(2500) DEFAULT NULL,
  youtube_link VARCHAR(150) DEFAULT NULL,
  PRIMARY KEY (ID_zenek)
)
ENGINE = INNODB,
AUTO_INCREMENT = 55,
AVG_ROW_LENGTH = 1260,
CHARACTER SET utf8,
COLLATE utf8_hungarian_ci;

--
-- Create table `kapcsolo_zene_album_eloado`
--
CREATE TABLE IF NOT EXISTS kapcsolo_zene_album_eloado (
  ID_kapcs_zene_albm INT(11) NOT NULL AUTO_INCREMENT,
  eloado_ID INT(11) NOT NULL,
  album_ID INT(11) NOT NULL,
  zene_ID INT(11) DEFAULT NULL,
  focimdal_e TINYINT(1) DEFAULT 0,
  PRIMARY KEY (ID_kapcs_zene_albm)
)
ENGINE = INNODB,
AUTO_INCREMENT = 97,
AVG_ROW_LENGTH = 1170,
CHARACTER SET utf8,
COLLATE utf8_hungarian_ci;

--
-- Create foreign key
--
ALTER TABLE kapcsolo_zene_album_eloado 
  ADD CONSTRAINT FK_kapcsolo_zene_album_albumok_ID_album FOREIGN KEY (album_ID)
    REFERENCES albumok(ID_album) ON DELETE NO ACTION ON UPDATE NO ACTION;

--
-- Create foreign key
--
ALTER TABLE kapcsolo_zene_album_eloado 
  ADD CONSTRAINT FK_kapcsolo_zene_album_eloado_zeneszamok_ID_zenek FOREIGN KEY (zene_ID)
    REFERENCES zeneszamok(ID_zenek) ON DELETE NO ACTION ON UPDATE NO ACTION;

--
-- Create foreign key
--
ALTER TABLE kapcsolo_zene_album_eloado 
  ADD CONSTRAINT FK_kapcsolo_zene_album_eloadok_ID_eloado FOREIGN KEY (eloado_ID)
    REFERENCES eloadok(ID_eloado) ON DELETE NO ACTION ON UPDATE NO ACTION;

--
-- Create table `felhasznalok`
--
CREATE TABLE IF NOT EXISTS felhasznalok (
  ID_felhasznalo INT(11) NOT NULL AUTO_INCREMENT,
  felhasznalonev VARCHAR(25) NOT NULL,
  email VARCHAR(80) NOT NULL,
  jelszo TEXT NOT NULL,
  tipus ENUM('Rendszergazda','Admin','Felhasználó') NOT NULL,
  aktiv TINYINT(1) NOT NULL DEFAULT 0,
  hash TEXT NOT NULL,
  PRIMARY KEY (ID_felhasznalo)
)
ENGINE = INNODB,
AUTO_INCREMENT = 43,
AVG_ROW_LENGTH = 5461,
CHARACTER SET utf8,
COLLATE utf8_hungarian_ci;

--
-- Create table `forditasok`
--
CREATE TABLE IF NOT EXISTS forditasok (
  ID_forditas INT(11) NOT NULL AUTO_INCREMENT,
  dal_forditott_cime VARCHAR(75) NOT NULL,
  forditas VARCHAR(5000) NOT NULL,
  felhasznalo_ID INT(11) NOT NULL,
  zene_ID INT(11) NOT NULL,
  PRIMARY KEY (ID_forditas)
)
ENGINE = INNODB,
AUTO_INCREMENT = 36,
AVG_ROW_LENGTH = 3276,
CHARACTER SET utf8,
COLLATE utf8_hungarian_ci;

--
-- Create foreign key
--
ALTER TABLE forditasok 
  ADD CONSTRAINT FK_forditasok_felhasznalok_ID_felhasznalo FOREIGN KEY (felhasznalo_ID)
    REFERENCES felhasznalok(ID_felhasznalo) ON DELETE NO ACTION ON UPDATE NO ACTION;

--
-- Create foreign key
--
ALTER TABLE forditasok 
  ADD CONSTRAINT FK_forditasok_zeneszamok_ID_zenek FOREIGN KEY (zene_ID)
    REFERENCES zeneszamok(ID_zenek) ON DELETE NO ACTION ON UPDATE NO ACTION;

-- 
-- Dumping data for table kiadok
--
INSERT INTO kiadok VALUES
(1, 'Hyeyoom', 'altalanos/kepek/kiado.png', NULL, NULL, NULL, NULL),
(2, 'Big Hit', 'altalanos/kepek/bighit.jpg', NULL, 'https://www.facebook.com/ibighit/', NULL, NULL),
(3, 'JTM', 'altalanos/kepek/kiado.png', NULL, NULL, 'https://twitter.com/JTM_ENT_HUB', NULL),
(4, 'YG', 'altalanos/kepek/yg.jpg', 'https://www.youtube.com/user/YGEntertainment', 'https://www.facebook.com/ygfamily/', NULL, NULL),
(5, 'Cube', 'altalanos/kepek/kiado.png', NULL, 'https://www.facebook.com/UNITEDCUBE/', NULL, 'https://www.instagram.com/yg_ent_official/'),
(6, 'JYP', 'altalanos/kepek/jyp.jpg', NULL, 'https://www.facebook.com/jypnation/', NULL, 'https://www.instagram.com/jypentertainment/'),
(7, 'Pledis', 'altalanos/kepek/kiado.png', NULL, 'https://www.facebook.com/pledisnews/', NULL, NULL),
(8, 'SM', 'altalanos/kepek/sm.jpg', NULL, 'https://www.facebook.com/smtown/', NULL, NULL),
(9, 'FNC', 'altalanos/kepek/kiado.png', NULL, 'https://www.facebook.com/theofficialfnc/', NULL, NULL),
(20, 'Choeun', 'altalanos/kepek/kiado.png', NULL, NULL, NULL, NULL),
(25, 'Dream Tea', 'altalanos/kepek/kiado.png', NULL, NULL, NULL, NULL),
(26, 'N\\A', 'altalanos/kepek/kiado.png', NULL, NULL, NULL, NULL),
(27, 'Fantagio', 'altalanos/kepek/fantagio.jpg', NULL, NULL, NULL, NULL),
(35, 'Hyeyoom1', 'altalanos/kepek/kiado.png', NULL, NULL, NULL, NULL);

-- 
-- Dumping data for table eloadok
--
INSERT INTO eloadok VALUES
(1, 'BIGFLO', '2014-06-19', 35, 'altalanos/kepek/bigflo.png', 'WAVE', 'https://www.youtube.com/user/bigfloofficial', 'https://www.facebook.com/bigfloofficial', 'https://twitter.com/BigFlo_official', 'https://www.instagram.com/bigflo_official/'),
(2, 'BTS', '2013-06-12', 2, 'altalanos/kepek/bts.jpg', 'ARMY', 'https://www.youtube.com/user/ibighit', 'https://www.facebook.com/bangtan.official/', 'https://twitter.com/bts_bighit', 'https://www.instagram.com/bts.bighitofficial/'),
(3, 'NS Yoon-G', '2009-09-24', 3, 'altalanos/kepek/nsyoong.jpg', NULL, 'https://www.youtube.com/user/NSYoonGVEVO', NULL, NULL, NULL),
(4, 'CN BLUE', '2010-01-14', 9, 'altalanos/kepek/CNB.jpg', 'BOICE', 'https://www.youtube.com/user/cnblue', NULL, NULL, NULL),
(5, 'FT ISLAND ', '2007-06-07', 9, 'altalanos/kepek/fti.jpg', 'PRIMADONNA', 'https://www.youtube.com/user/ftisland', NULL, NULL, NULL),
(6, 'SEVENTEEN', '2015-05-29', 7, 'altalanos/kepek/17.jpg', NULL, 'https://www.youtube.com/user/pledis17', NULL, NULL, NULL),
(7, 'NU''EST', '2012-03-15', 7, 'altalanos/kepek/artist.png', 'L.O.Λ.E', 'https://www.youtube.com/user/pledisnuest', NULL, NULL, NULL),
(8, 'BIGBANG', '2006-08-19', 4, 'altalanos/kepek/bigbang.jpg', 'VIP', 'https://www.youtube.com/user/BIGBANG', 'https://www.facebook.com/BIGBANG/', NULL, NULL),
(9, 'BLACKPINK', '2016-08-08', 4, 'altalanos/kepek/blackpink.jpg', 'BLINK', 'https://www.youtube.com/channel/UCOmHUn--16B90oW2L', NULL, NULL, NULL),
(20, '24K', '2012-09-06', 20, 'altalanos/kepek/24k.jpg', NULL, '', '', '', ''),
(44, 'Girl''s Day', NULL, 25, 'altalanos/kepek/girlsday.jpg', NULL, NULL, NULL, NULL, NULL),
(45, 'TXT', NULL, 2, 'altalanos/kepek/artist.png', '', '', '', '', ''),
(52, 'ASTRO', '0000-00-00', 27, 'altalanos/kepek/astro.jpg', '', '', '', '', ''),
(54, 'IU', '0000-00-00', 26, 'altalanos/kepek/artist.png', '', '', '', '', '');

-- 
-- Dumping data for table albumok
--
INSERT INTO albumok VALUES
(1, 'First Flow', '2014-06-23', 'altalanos/kepek/04.jpg'),
(2, '2 Cool 4 Skool', '2013-06-12', 'altalanos/kepek/2_Cool_4_Skool.jpg'),
(3, 'O! R U L8, 2?', '2013-09-11', 'altalanos/kepek/album.png'),
(4, 'Skool Luv Affair', '2014-02-12', 'altalanos/kepek/album.png'),
(5, 'Skool Luv Affair Special Addition', '2014-05-14', 'altalanos/kepek/album.png'),
(6, 'Dark&Wild', '2014-08-20', 'altalanos/kepek/album.png'),
(7, 'The Most Beautiful Moment in Life pt. 1', '2015-04-29', 'altalanos/kepek/01.jpg'),
(8, 'The Most Beautiful Moment in Life pt. 2', '2015-11-30', 'altalanos/kepek/02.jpg'),
(9, 'The Most Beautiful Moment in Life: Young Forever', '2016-05-02', 'altalanos/kepek/03.jpg'),
(10, 'Wings', '2016-10-10', 'altalanos/kepek/album.png'),
(11, 'You Never Walk Alone', '2017-02-13', 'altalanos/kepek/album.png'),
(12, 'LOVE YOURSELF 承 ''Her''', '2017-09-18', 'altalanos/kepek/album.png'),
(13, 'LOVE YOURSELF 轉 ''Tear''', '2018-05-18', 'altalanos/kepek/album.png'),
(14, 'LOVE YOURSELF 結 ‘Answer''', '2018-08-24', 'altalanos/kepek/11.jpg'),
(15, 'MAP OF THE SOUL : PERSONA', '2019-04-12', 'altalanos/kepek/album.png'),
(16, 'MAP OF THE SOUL : 7', '2020-02-21', 'altalanos/kepek/10.jpg'),
(17, 'Second Flow', '2014-11-25', 'altalanos/kepek/album.png'),
(18, 'Incant', '2015-10-08', 'altalanos/kepek/05.jpg'),
(19, 'Stardom', '2017-02-14', 'altalanos/kepek/album.png'),
(20, 'emphas!ze', '2018-08-18', 'altalanos/kepek/album.png'),
(21, 'Neo Spirit', '2012-01-05', 'altalanos/kepek/06.jpg'),
(22, 'Can''t Stop', '2014-02-24', 'altalanos/kepek/album.png'),
(23, 'M', '2015-05-01', 'altalanos/kepek/09.jpg'),
(24, 'I Will', '2015-03-23', 'altalanos/kepek/album.png'),
(25, 'Al1', '2017-05-22', 'altalanos/kepek/08.jpg'),
(26, 'SQUARE TWO', '2016-11-01', 'altalanos/kepek/07.jpg'),
(27, 'FACE', '2012-03-15', 'altalanos/kepek/album.png'),
(51, 'Girl''s Day Everyday #3', '2014-01-03', 'altalanos/kepek/album.png');

-- 
-- Dumping data for table zeneszamok
--
INSERT INTO zeneszamok VALUES
(1, 'First Flow', '  Yeah, let me introduce BIGFLO\r\nGo by the name of H, oh (hahaha) leggo! \r\n\r\n올라섬에 익숙해서 이 무대를 골랐어\r\n뿜어져 나온 포스에 놀라 다 뒤로 돌아서\r\n굳어 선 바퀴는 쉬는 법을 몰라서\r\n이름 값 할 때가 됐어 High top 고지는 몰라 계속 올라가\r\n\r\n쿵치탁 우린 흐름을 탄다\r\nhey don’t u know that we have a ambition\r\n중심 잡고 주저 하지마\r\n(정상으로 가고 때려 박고 신호탄 일발장전)\r\nBoom pa pa 마치 숨이 더 가빠\r\nhey look at 커져만 가는 무게감\r\n느낌이 와 주섬 대지마\r\n날 막으려고 해봤자야 대체 누가 나를 말려\r\n\r\n깃발을 높이 올려라\r\n승전고를 울려라\r\n볼륨을 높이 올려라\r\n여기로 다 모여라\r\n\r\nI’m build’n up in Korea\r\n짧고 굵었던 career\r\n내가 가짜라니 그게 대체 뭔 헛소리여\r\n방아쇠 당겨봤자 총구는 네 머리를 겨눠\r\n이젠 go harder 변기물 내리긴 아직 일러\r\n\r\n그렇게 놀란 눈은 다 숨어 버리지\r\n그렇게 가식 떨면 다음은 벌이지\r\nMa many fams got ma back so I’m 대차\r\n제 아무리 노력해도 난 네 상대로 벅차\r\n\r\n쿵치탁 우린 흐름을 탄다\r\nhey don’t u know that we have a ambition\r\n중심 잡고 주저 하지마\r\n(정상으로 가고 때려 박고 신호탄 일발장전)\r\nBoom pa pa 마치 숨이 더 가빠\r\nhey look at 커져만 가는 무게감\r\n느낌이 와 주섬 대지마\r\n이 세상 박자들에게 전해 흔들릴 준비 하라고\r\nBIGFLO                                   ', ''),
(2, 'Delilah', 'Danger 모두 다 자리에서 일어나\r\n잠재 된 선율에 네 모습을 맡겨봐\r\n먼지를 털어버리게 다리는 곧게\r\n이 판에 불을 질러 저 끝까지 뛰어봐\r\n\r\n내가 왔어 이 무대에\r\n양손을 들어 What’s up 부대에\r\n일동 차렷하고 경례를 올려봐\r\n바텐더 친절하게 랩을 따라줄게 너의 귀\r\n술술 도라에몽 주머니\r\n팬들은 열광의 도가니 말해\r\n안전벨트 매 속도를 가해\r\n\r\n일동 차렷 경례를 올려봐\r\n일동 단결 미친 듯 뛰어봐\r\n(정상으로 올라간다)\r\n\r\n동에도 번쩍번쩍\r\n서에도 번쩍번쩍\r\n이 판에 큰 불을 질러라\r\n(난장판을 만들어라)\r\n\r\nwake up 일어날 시간 그대로 멈춰\r\n똑같다는 생각 따윈 그냥 집어 치워\r\n먼지를 털어버리게 다리는 곧게\r\n이 판에 불을 질러 저 끝까지 뛰어봐\r\n\r\n달 달 무슨 달 햇살처럼 둥근 달\r\n어디어디 떴나 이 무대 위에 떴지\r\n답 답 무슨 답 거긴 없어 그런 답\r\n높이 높이 떠라 저 우두머리 높이\r\n\r\n딜라일라일라 eh 딜라일라일라\r\n딜라일라일라 eh 딜라일라일라\r\n딜라일라일라 eh 딜라일라일라\r\n딜라일라일라 eh 딜라일라일라\r\n\r\n내가 필드에 들어선 순간\r\n동서남북 어디서나 두각을 나타내니\r\n날아다녀 마치 홍길동\r\nWho, that 요놈 좀 봐라 온 동네 한 바퀴 휘 저어놔\r\n난 독한 바이러스 내 뒤에 동네 꼬마들 싸그리 다 데려 와\r\n\r\n동네 꼬마 나가신다 모두 비켜라\r\n이제 더 크게 소리를 높여라\r\n실컷 한 번 놀아보자 머리를 비워라\r\n이제 조준됐다 딜라일라 Bomb\r\n\r\nTurned up 달려온 시간 뒤는 보지마\r\n지겹다는 생각 따윈 그냥 집어 치워\r\n먼지를 털어버리게 머리를 곧게\r\n\r\nyo, 들어갔다 왔다 뭐 하러 왔냐\r\n소리 한 번 질러보고 틀에 박힌 멋은 빼\r\n\r\n달 달 무슨 달 햇살처럼 둥근 달\r\n어디어디 떴나 이 무대 위에 떴지\r\n답 답 무슨 답 거긴 없어 그런 답\r\n높이 높이 떠라 저 우두머리 높이\r\n\r\n딜라일라일라 eh 딜라일라일라\r\n딜라일라일라 eh 딜라일라일라\r\n딜라일라일라 eh 딜라일라일라\r\n딜라일라일라 eh 딜라일라일라\r\n\r\n이 땅이 움직인다 모두가 주목한다\r\n무작정 서울 대전 대구 부산 톨게이트 없이 앞으로 직진\r\n\r\n안개를 뒤로 제쳐 한계를 뒤로 제쳐\r\n바람에도 흩날리지 못해 한계 없이 나는 계속 날아가 Fly\r\n\r\n달 달 무슨 달 햇살처럼 둥근 달\r\n어디어디 떴나\r\n이제 더 크게 소리를 높여라\r\n답 답 무슨 답 여기 있어 그런 답\r\n높이 높이 떠라\r\n이제 조준됐다 딜라일라 Bomb', 'https://www.youtube.com/watch?v=LyYSxiFpRNM'),
(3, 'It''s You, Again', '또해 또해 네 생각 또해 뭐해 뭐해 더 이상 더 뭘해\r\n나 혼자 마음 졸여 끝까지 몰래 홀로 네 뒤를 걸어가\r\n또해 또해 네 생각 또해 뭐해 뭐해 더 이상 더 뭘해\r\n비가 내렸어 뒤를 돌아서\r\n나 홀로 네 뒤를 걸어가\r\n\r\n나 널 잃어 마치 다 풀려버린 휴지\r\n요즘 내 하루 일과 매일 멍한 채 걷기\r\n꿈이야 저기 멀리 희미해 보여\r\n아무 일 없다며 자연스레 미소를 지어\r\n내 옆을 스쳐가는 모습 매정해\r\n나도 솔직히 답할게 That’s OK\r\n사실 이 장면은 비가 내리면 딱 인데\r\n하여간 말도 안 들어 햇빛만 쨍쨍해\r\n\r\n한 번 더 그대 생각에 비가 내리면\r\n내 눈은 이렇게도 외롭게 젖어버리죠\r\n또 한 번 용기를 내서 문을 열어보려면\r\n한 발짝 물러서 내내 두드리기만 해요\r\n\r\n나 혼자만 울고 있어\r\n너만을 바라볼 때\r\n나 이렇게도 끝도 없이 소매만 적셔내요\r\n그대가 필요해요 너라는 짐을 메요\r\n참 답답한 가슴 어떡해 미안해 사랑해\r\n\r\n한 번 더 그대 생각에 길을 걸으면\r\n처음의 내 앞에 그대로 있을까\r\n내 가슴이 널 원해 자꾸 잊지는 말래\r\n비워달라고 근데 사랑한다고 나 어떡해 어떡해\r\n\r\n난 매일 밤을 술만 마셔대\r\n짜증나던 네 잔소리가 귓가에 맴돌 쯤엔\r\n눈물 한 잔 삼켜내 숨기려 해도 결국 다 토해 내\r\n꾹 꾹 눌러 썼던 우리 추억은 아무리\r\n지워 봐도 자국은 선명히 남아\r\nWhy don’t you know I miss you girl\r\n시간 지나가면 희미해질까요\r\n\r\n한 번 더 그대 생각에 비가 내리면\r\n내 눈은 이렇게도 외롭게 젖어버리죠\r\n또 한 번 용기를 내서 문을 열어보려면\r\n한 발짝 물러서 내내 두드리기만 해요\r\n\r\n(뭐해) 지금 어디에 있나요\r\n(또해)\r\n누구와 함께 있나요\r\n번호를 눌러 소리 없는 답에 한숨만 뱉어내\r\n(뭐해) 나 홀로 서있네요\r\n(또해)\r\n몰래 눈물 닦아 내요\r\n아닌 척 해도 죽을 것만 같아 미안해 사랑해\r\n\r\n한 번 더 그대 생각에 길을 걸으면\r\n처음의 내 앞에 그대로 있을까\r\n내 가슴이 널 원해 자꾸 잊지는 말래\r\n비워달라고 근데 사랑한다고 나 어떻게 해\r\n\r\n찢긴 조각에 내 입을 맞추며 울고불고 이젠 못 참겠다며\r\n어린애 마냥 베개에 떼쓰며\r\n\r\n(오직 그대뿐이에요 one love)\r\n가지마 나는 시간을 멈추고 망설일 수는 없단 걸\r\n그 동안 바란 것처럼 와주면 돼\r\n\r\n구겨져 버린 사진 펴 곧게 해\r\n한 발씩 너 있는 곳으로 걷게 해\r\n누가 우리 사이 자꾸 더 멀게 해\r\n그냥 지금 여기 이 순간 얼게 해\r\n(우리 사이 자꾸만 더 멀리)\r\n\r\n구겨져 버린 사진 펴 곧게 해\r\n한 발씩 너 있는 곳으로 걷게 해\r\n누가 우리 사이 자꾸 더 멀게 해\r\n그냥 지금 여기 이 순간 얼게 해\r\n(지금 여기 이 순간 영원히)\r\n\r\n뭐해 또해 비가 내렸어\r\n나 홀로 네 뒤를 걸어가', NULL),
(4, 'Reason To Became A Witch', 'you know we''re done\r\nit''s over now\r\nthis is not a pay back\r\nthis is my return\r\n\r\nextra extra read all about it\r\nthe queen is back in the game\r\n\r\nhere we go now here we go now\r\nhere we, here we, here we go now\r\nhere we go now here we go now\r\nhere we, here we, here we go now\r\n\r\nthis is\r\nthis is\r\n\r\na~yo ns 윤지 where you at girl\r\n\r\ndon''t act a fool\r\n넌 벌써 네번째 foul (out)\r\n기회는 끝 깨져버린 알리바이\r\nwhat you gonna do 어쩌라구 어쩌라구\r\n너같은 건 한 트럭도 싫어\r\n꺼져버려 저리가 just go\r\n\r\n\r\na-yo i don''t think you understand this\r\nbring it back i said bring it back\r\n\r\n시커먼 니 속셈은 뻔뻔해\r\n이젠 더이상 순진했던 내가 아냐\r\n\r\n(왜 변했는지 unforgettable)\r\n\r\n넌 정말 bad bad boy ah,ah,ah\r\n\r\n\r\ni hate you forget you 니가 싫어\r\n입닥쳐 좀 꺼져 please just give up\r\n내가 마녀가 된 이유\r\n더 독해지는 이유\r\nbecause because\r\n다 너 너 때문이야\r\n\r\n똑같은 레퍼토린 안통해\r\n그만 불쌍한척 우는척 하지말아 please\r\n\r\n(왜 변했는지 unforgettable)\r\n\r\n넌 정말 bad bad boy ah,ah,ah\r\n\r\nI hate you forget you 니가 싫어\r\n입닥쳐 좀 꺼져 please just give up\r\n내가 마녀가 된 이유\r\n더 독해지는 이유\r\nbecause because\r\n다 너 너 때문이야\r\n\r\n넌 내 사랑을 짓밟고 웃고있죠\r\n바보같은 사랑에 난 매달렸죠\r\n내가 마녀가 된 이유\r\n널 저주하는 이유 (now)\r\n어서 도망가 난 총을 든 소녀야\r\n\r\nah,ah,ah\r\n\r\nI hate you forget you 니가 싫어\r\n입닥쳐 좀 꺼져 please just give up\r\n내가 마녀가 된 이유\r\n더 독해지는 이유\r\nbecause because\r\n다 너 너 때문이야\r\n\r\n넌 내 사랑을 짓밟고 웃고있죠\r\n바보같은 사랑에 난 매달렸죠\r\n내가 마녀가 된 이유\r\n널 저주하는 이유 (now)\r\n어서 도망가 난 총을 든 소녀야', 'https://www.youtube.com/watch?v=ysnUHXksic8'),
(5, 'Save Me', '난 숨쉬고 싶어 이 밤이 싫어\r\n이젠 깨고 싶어 꿈속이 싫어\r\n내 안에 갇혀서 난 죽어있어\r\nDon’t wanna be lonely\r\nJust wanna be yours\r\n\r\n왜 이리 깜깜한 건지 니가 없는 이 곳은\r\n위험하잖아 망가진 내 모습\r\n구해줘 날 나도 날 잡을 수 없어\r\n\r\n내 심장소릴 들어봐\r\n제멋대로 널 부르잖아\r\n이 까만 어둠 속에서\r\n너는 이렇게 빛나니까\r\n\r\n그 손을 내밀어줘 save me save me\r\nI need your love before I fall, fall\r\n그 손을 내밀어줘 save me save me\r\nI need your love before I fall, fall\r\n\r\n그 손을 내밀어줘 save me save me\r\n그 손을 내밀어줘 save me save me\r\n\r\nSave me, save me\r\n\r\n오늘따라 달이 빛나 내 기억 속의 빈칸\r\n날 삼켜버린 이 lunatic, please save me tonight\r\n(Please save me tonight, please save me tonight)\r\n이 치기 어린 광기 속 나를 구원해줄 이 밤\r\n\r\n난 알았지 너란 구원이\r\n내 삶의 일부며 아픔을 감싸줄 유일한 손길\r\nThe best of me, 난 너밖에 없지\r\n나 다시 웃을 수 있도록 더 높여줘 니 목소릴\r\nPlay on\r\n\r\n내 심장소릴 들어봐 제멋대로 널 부르잖아\r\n이 까만 어둠 속에서 너는 이렇게 빛나니까\r\n\r\n그 손을 내밀어줘 save me save me\r\nI need your love before I fall, fall\r\n그 손을 내밀어줘 save me save me\r\nI need your love before I fall, fall\r\n\r\n그 손을 내밀어줘 save me save me\r\n그 손을 내밀어줘 save me save me\r\n\r\n고마워 내가 나이게 해줘서\r\n이 내가 날게 해줘서\r\n이런 내게 날갤 줘서\r\n꼬깃하던 날 개줘서\r\n답답하던 날 깨줘서\r\n꿈 속에만 살던 날 깨워줘서\r\n널 생각하면 날 개어서\r\n슬픔 따윈 나 개 줬어\r\n(Thank you. ''우리''가 돼 줘서)\r\n\r\n그 손을 내밀어줘 save me save me\r\nI need your love before I fall, fall\r\n그 손을 내밀어줘 save me save me\r\nI need your love before I fall, fall', 'https://www.youtube.com/watch?v=GZjt_sA2eso'),
(6, 'I Need U', 'Fall (Everything) Fall (Everything) Fall (Everything)\r\n흩어지네\r\nFall (Everything) Fall (Everything) Fall (Everything)\r\n떨어지네\r\n\r\n너 땜에 나 이렇게 망가져\r\n그만할래 이제 너 안 가져\r\n못 하겠어 뭣 같아서\r\n제발 핑계 같은 건 삼가 줘\r\n\r\n네가 나한테 이럼 안 돼\r\n네가 한 모든 말은 안대\r\n진실을 가리고 날 찢어\r\n날 찍어 나 미쳐 다 싫어\r\n전부 가져가 난 네가 그냥 미워\r\n\r\nBut you’re my everything (You’re my)\r\nEverything (You’re my)\r\nEverything (You’re my)\r\n제발 좀 꺼져 Uh\r\n\r\n미안해 (I hate you)\r\n사랑해 (I hate you)\r\n용서해 (Shit)\r\n\r\nI need you girl\r\n왜 혼자 사랑하고 혼자서만 이별해\r\nI need you girl\r\n왜 다칠 걸 알면서 자꾸 네가 필요해\r\n\r\nI need you girl 넌 아름다워\r\nI need you girl 너무 차가워\r\nI need you girl I need you girl\r\nI need you girl I need you girl\r\n\r\nIt goes round &amp; round 나 왜 자꾸 돌아오지\r\nI go down &amp; down 이쯤 되면 내가 바보지\r\n나 무슨 짓을 해 봐도 어쩔 수가 없다고\r\n분명 내 심장, 내 마음, 내 가슴인데 왜 말을 안 듣냐고\r\n또 혼잣말하네 또 혼잣말하네\r\n또 혼잣말하네 또 혼잣말하네\r\n넌 아무 말 안 해 아 제발 내가 잘할게\r\n하늘은 또 파랗게 하늘은 또 파랗게\r\n\r\n하늘이 파래서 햇살이 빛나서\r\n내 눈물이 더 잘 보이나 봐\r\n왜 나는 너인지 왜 하필 너인지\r\n왜 너를 떠날 수가 없는지\r\n\r\nI need you girl\r\n왜 혼자 사랑하고 혼자서만 이별해\r\nI need you girl\r\n왜 다칠 걸 알면서 자꾸 네가 필요해\r\n\r\nI need you girl 넌 아름다워\r\nI need you girl 너무 차가워\r\nI need you girl I need you girl\r\nI need you girl I need you girl\r\n\r\nGirl 차라리 차라리 헤어지자고 해 줘\r\nGirl 사랑이 사랑이 아니었다고 해 줘\r\n내겐 그럴 용기가 없어\r\n내게 마지막 선물을 줘\r\n더는 돌아갈 수 없도록\r\n\r\nI need you girl\r\n왜 혼자 사랑하고 혼자서만 이별해\r\nI need you girl\r\n왜 다칠 걸 알면서 자꾸 네가 필요해\r\n\r\nI need you girl 넌 아름다워\r\nI need you girl 너무 차가워\r\nI need you girl I need you girl\r\nI need you girl I need you girl', 'https://www.youtube.com/watch?v=jjskoRh8GTE'),
(7, 'Intro : 2 Cool 4 Skool (Feat. DJ Friz) ', '  We''re now going to progress to some steps\r\nwhich are a bit more difficult\r\nReady? Set and begin\r\nBighit Exclusive Exclusive\r\n\r\nDj Friz\r\nWho''s that?\r\nB A N G T A N\r\n방탄소년단 What\r\n\r\n2 cool 2 cool 4 skool\r\n2 cool 2 cool 4 skool\r\n10대 20댈 대신해 쉽게 우리 얘길 해 you take that\r\n\r\n2 cool 2 cool 4 skool\r\n2 cool 2 cool 4 skool\r\n10대 20댈 대신해 쉽게 우리 얘길 해 you take that  ', ''),
(8, 'We Are Bulletproof Pt.2', '  (What) 이리 내놔\r\n(What) 긴장해 다\r\n(What) 끝판 대장\r\n(What) We are bulletproof\r\nWe are bulletproof\r\nBulletproof\r\n\r\n이름은 Jung Kook, 스케일은 전국\r\n학교 대신 연습실에서 밤새 춤을 추고 노래 불렀네\r\n너희가 놀 때, 난 꿈을 집도하며 잠을 참아 가며\r\n매일 밤새 볼펜을 잡네 아침 해가 뜬 뒤에 나 눈을 감네\r\n이중 잣대와 수많은 반대 속에서 깨부숴 버린 나의 한계\r\n그에 반해 재수 좋게 회사에 컨택된 속칭\r\n노래 못 해 랩퍼를 당한 너희에게 랩퍼라는 타이틀은 사치\r\n\r\nEverywhere I go, everything I do\r\n나 보여 줄게 칼을 갈아 왔던 만큼\r\n날 무시하던 많은 사람들 이젠\r\n(Oh oh oh oh oh oh) hey shout it out\r\n\r\nOh! 나만치 해 봤다면 돌을 던져\r\nWe go hard 우린 겁이 없어\r\n(Click click, bang bang) we just sing it like\r\n(Click click, bang bang) we just sing it like\r\nOh! 나만치 해 봤다면 돌을 던져\r\nWe go hard 우린 겁이 없어\r\n(Click click, bang bang) we just sing it like\r\n(Click click, bang bang) we just sing it like\r\n\r\n(What) 이리 내놔\r\n(What) 긴장해 다\r\n(What) 끝판 대장\r\n(What) We are bulletproof\r\nWe are bulletproof\r\nBulletproof\r\n\r\nLook at my profile, 아직 아무것도 없지\r\nStill 연습생 and 랩퍼맨, yeah I do know that''s nuthin\r\n고민도 했지만 이제 필요 없어졌지\r\n넌 아직도 아마추어, 난 메이저, 쭉 그렇게 썩길\r\n랩몬스터, 말처럼 괴물같이 무슨 비트든 간에 난 싹 집어삼켜\r\n충실한 이름값 얘들아 이리 와 미리 봐 한낱 아이돌의 반전\r\n하하 힙부심 뿐인 형들은 불가능하다 했지 but\r\n똑똑히 봐 이걸 impossible에 마침표\r\n찍어 I''m possible 자 이제 됐니 boy\r\n\r\nEverywhere I go, everything I do\r\n나 보여 줄게 칼을 갈아 왔던 만큼\r\n날 무시하던 많은 사람들 이젠\r\n(Oh oh oh oh oh oh) hey shout it out\r\n\r\nOh! 나만치 해 봤다면 돌을 던져\r\nWe go hard 우린 겁이 없어\r\n(Click click, bang bang) We just sing it like\r\n(Click click, bang bang) We just sing it like\r\nOh! 나만치 해 봤다면 돌을 던져\r\nWe go hard 우린 겁이 없어\r\n(Click click, bang bang) We just sing it like\r\n(Click click, bang bang) We just sing it like\r\n\r\n(What) 이리 내놔\r\n(What) 긴장해 다\r\n(What) 끝판 대장\r\n(What) We are bulletproof\r\nWe are bulletproof\r\nBulletproof\r\n\r\n(Break)\r\n\r\nBulletproof  ', 'https://www.youtube.com/watch?v=lE9lkSdtZeQ'),
(9, 'Skit : Circle Room Talk', '랩몬스터: 대박이었다니까 그때는 그게\r\n뷔 : 에헤이 2006년!\r\n랩몬스터: Fly (진: 최고였어) 뮤직비디오 그거 대박이었어\r\n슈가: 흰색 와이셔츠에 빨간 넥타이 내가 그거 얼마나 따라 했었는데(지민:아핳 핳) 초등학교 6학년 때\r\n제이홉: 알지\r\n랩몬스터: 그래가지고\r\n뷔: 형 안 어울리시는데\r\n지민: (웃음)\r\n랩몬스터: 아이 뭐야 이거\r\n진: 야야 종 쳤다 이제 가자\r\n제이홉: 아니 (진: 가자) 아니 뭐 종 쳤다고 그래요(지민: 왜그래요 형 또~) 그냥 오늘 제대로 (뷔: 분위기 달아올랐는데) 째 째 째 째!\r\n뷔: 안 가\r\n제이홉: 시원하게 한 번 째 봅시다\r\n뷔: 나 안가\r\n슈가: 그래가지고 그래가지고 에픽하이부터 해 봐 봐\r\n랩몬스터: 아니 그래가지고 그거 듣고 이제 딱 시작했다니까요 제가 랩을 말 그대로 Fly 했다는 거 아니에요\r\n슈가: 이 슈가 님도 어? 그거 듣고 랩 시작했지\r\n랩몬스터: 다 똑같아요 우리들 다 똑같아 진짜\r\n제이홉: 그때 나이대 다 똑같았었어\r\n랩몬스터: 다 진짜 똑같았어 (제이홉: 그치) 그러면 뭐 우리는 Fly 들을 때 우리 홉이 홉은 뭐 했는가?\r\n제이홉: 난 또 인제 랩하는 사람들과 이제 또 남다르게 또 나는 춤에 미쳐 있었었지\r\n지민: 그렇지\r\n랩몬스터: 그럴 줄 알았어\r\n지민: 춤이 나와야지 이제\r\n뷔: 타고난 댄서?\r\n제이홉: 타고난 댄서였지 뭐, 지민이도 마찬가지일걸?\r\n지민: 아이! 당연하죠! 혹시 여기서 무용을 꿈꿔 본 사람은 없나?\r\n랩몬스터, 슈가, 뷔: ...없어\r\n지민: (웃음)\r\n뷔: 저리 가 (제이홉: 무용은 없어!) 없어 저리 가\r\n지민: 한 명...\r\n슈가: 가! 가! 가!\r\n뷔: 저리 가 저리 가\r\n랩몬스터: 방금, 방금 정적 들었냐 방금\r\n지민: 한명도 없어여? (웃음)\r\n랩몬스터: 방금 다들 고민했다고\r\n지민 : 일초정적 아핳\r\n슈가: 태형이, 태형이 넌 꿈이 뭐였어?\r\n뷔: 저 3 년간 색소폰 했었어요\r\n슈가: 근데 왜 지금 안 해?\r\n뷔: 어...\r\n지민: 색소폰?\r\n뷔: 입이 아파서...\r\n방탄소년단: (웃음)\r\n슈가: 아 입이 아파서 그래?\r\n제이홉: (웃음) 아 입이 아팠어여? 입이 아팠어여?\r\n랩몬스터: 뭔가 되게 가식적이다 야...\r\n뷔: 전 입이 아팠거든여\r\n랩몬스터: 그래\r\n슈가: 많이 아팠나 보네\r\n뷔: 넿\r\n지민: 엄청난 이유다\r\n랩몬스터: 마음이 아프다, 야\r\n슈가: 아이 그 진이 형 형은 꿈이 뭐였어요? 형은?\r\n진: 나야 뭐 그냥 우리 아빠처럼 어? 7 시에 출근하고 저녁 6 시에 퇴근해서 딱 마누라가 차려 주는 밥 먹고\r\n제이홉: 어우 평범하게 사는...\r\n뷔: 오 진짜 와...\r\n랩몬스터: 나도, 나도 그게 제일 좋다고 생각해\r\n진: 그게 최고지 어\r\n제이홉: 최고인 것 같긴 해\r\n랩몬스터: 힙합이 다 뭔 소용이에요 (진: 어!) 그게 짱이지\r\n진: 그래!\r\n뷔: 뭐야\r\n지민: 그렇다고 힙합을 버려요 왜 형 (웃음)\r\n랩몬스터: 어?\r\n지민: 왜 그러는 거야 (웃음)\r\n제이홉: 시원하게 버렸구만 시원하게 버렸어\r\n랩몬스터: 우리 아빠 욕하지 마\r\n지민 : 왜 버리고 그래?(웃음)\r\n랩몬스터 : 우리아빠 욕하지마\r\n슈가: 정국아!\r\n정국: 네? 네? 네? 네?\r\n슈가: 정국아 넌 꿈이 뭐였냐\r\n랩몬스터: 그래 인마\r\n정국: 저요? 하... 저 기억 잘 안 나는데\r\n(꽝꽝꽝꽝)\r\nPdogg : 이노무 쉐끼들! 수업 안들어가고 뭐하노?! 힙합 동아리\r\n정국: 들어갈게요\r\nPdogg: 진짜 없애 버리든가 해야겠네\r\n정국: 들어갈게요\r\nPdogg: 이 새끼들 빨리 들어가!\r\n정국: 들어갈게요 들어갈게요\r\n뷔: 아이 선생님요\r\n랩몬스터: 갑니다 갈게요\r\n제이홉: 알겠습니다\r\n진: 들어갈게요', NULL),
(10, 'No More Dream', '얌마 네 꿈은 뭐니\r\n얌마 네 꿈은 뭐니\r\n얌마 네 꿈은 뭐니\r\n네 꿈은 겨우 그거니\r\n\r\nI wanna big house, big cars &amp; big rings\r\nBut 사실은 I dun have any big dreams\r\n하하 난 참 편하게 살어\r\n꿈 따위 안 꿔도 아무도 뭐라 안 하잖어\r\n전부 다다다 똑같이 나처럼 생각하고 있어\r\n새까까까맣게 까먹은 꿈 많던 어린 시절\r\n대학은 걱정 마 멀리라도 갈 거니까\r\n알았어 엄마 지금 독서실 간다니까\r\n\r\n네가 꿈꿔 온 네 모습이 뭐야\r\n지금 네 거울 속엔 누가 보여, I gotta say\r\n너의 길을 가라고\r\n단 하루를 살아도\r\n뭐라도 하라고\r\n나약함은 담아 둬\r\n\r\n왜 말 못하고 있어? 공부는 하기 싫다면서\r\n학교 때려 치기는 겁나지? 이거 봐 등교할 준비하네 벌써\r\n철 좀 들어 제발 좀, 너 입만 살아가지고 인마 유리 멘탈 boy\r\n(Stop!) 자신에게 물어봐 언제 네가 열심히 노력했냐고\r\n\r\n얌마 네 꿈은 뭐니\r\n얌마 네 꿈은 뭐니\r\n얌마 네 꿈은 뭐니\r\n네 꿈은 겨우 그거니\r\n\r\n거짓말이야 you such a liar\r\nSee me see me ya 넌 위선자야\r\n왜 자꾸 딴 길을 가래 야 너나 잘해\r\n제발 강요하진 말아 줘\r\n(La la la la la) 네 꿈이 뭐니 네 꿈이 뭐니 뭐니\r\n(La la la la la) 고작 이거니 고작 이거니 거니\r\n\r\n지겨운 same day, 반복되는 매일에\r\n어른들과 부모님은 틀에 박힌 꿈을 주입해\r\n장래희망 넘버원... 공무원?\r\n강요된 꿈은 아냐, 9회말 구원투수\r\n시간 낭비인 야자에 돌직구를 날려\r\n지옥 같은 사회에 반항해, 꿈을 특별 사면\r\n자신에게 물어봐 네 꿈의 profile\r\n억압만 받던 인생 네 삶의 주어가 되어 봐\r\n\r\n네가 꿈꿔 온 네 모습이 뭐야\r\n지금 네 거울 속엔 누가 보여, I gotta say\r\n너의 길을 가라고\r\n단 하루를 살아도\r\n뭐라도 하라고\r\n나약함은 담아 둬\r\n\r\n얌마 네 꿈은 뭐니\r\n얌마 네 꿈은 뭐니\r\n얌마 네 꿈은 뭐니\r\n네 꿈은 겨우 그거니\r\n\r\n거짓말이야 you such a liar\r\nSee me see me ya 넌 위선자야\r\n왜 자꾸 딴 길을 가래 야 너나 잘해\r\n제발 강요하진 말아 줘\r\n(La la la la la) 네 꿈이 뭐니 네 꿈이 뭐니 뭐니\r\n(La la la la la) 고작 이거니 고작 이거니 거니\r\n\r\n살아가는 법을 몰라\r\n날아가는 법을 몰라\r\n결정하는 법을 몰라\r\n이젠 꿈꾸는 법도 몰라\r\n\r\n눈을 눈을 눈을 떠라 다 이제\r\n춤을 춤을 춤을 춰 봐 자 다시\r\n꿈을 꿈을 꿈을 꿔 봐 다\r\n너 꾸물대지 마 우물쭈물 대지 마 wussup!\r\n\r\n거짓말이야 you such a liar\r\nSee me see me ya 넌 위선자야\r\n왜 자꾸 딴 길을 가래 야 너나 잘해\r\n제발 강요하진 말아 줘\r\n(La la la la la) 네 꿈이 뭐니 네 꿈이 뭐니 뭐니\r\n(La la la la la) 고작 이거니 고작 이거니 거니\r\n\r\nTo all the youngsters without dreams.', 'https://www.youtube.com/watch?v=rBG5L7UsUxA'),
(11, 'Interlude', NULL, NULL),
(12, 'Like ', '     Wanna be loved...\r\nDon''t wanna be fool, wanna be cool, wanna be loved\r\n너와의 same love\r\nBaby I want it\r\n\r\n네가 올리는 모든 사진마다\r\n좋아요 남발하는 처음 보는 저 남자... 누구야?\r\n아 맞다 나 이제 남자친구 아니지\r\n자연스레 네 번호 눌렀잖아\r\n전화나 카톡 하자니 꼭 지는 것 같고\r\n뭐라도 안 하면 날 신경도 안 쓸 것 같어\r\n(왜) 싫어요 버튼은 없는데\r\n싫어 저 삼십 몇 명 중 하나가 되는 게\r\n여기도 좋다고 저기도 좋다고\r\n한번만 놀자고 왜 그리 곱냐고\r\nUh f**k that, all stupid b*******s\r\n이젠 내 거도 아닌데 왜 뺏기는 것 같은지\r\n하하 넌 나 없이 참 잘 사네\r\n눈꼴 시려우니까 노는 것 좀 살살 해\r\n목까지 올라온 저주를 삼키고\r\n오늘도 좋아요를 누르지... shit\r\n\r\n넌 남이 되고 오히려 더 좋아 보여 pretty woman\r\nYeah Yeah Yeah Yeah\r\n오 얄밉게도 여전히 넌 좋아 보여 pretty woman\r\nOh pretty woman\r\nDon''t wanna be fool, wanna be cool, wanna be loved\r\n너와의 same love\r\nI know it''s over\r\nDon''t wanna be fool, wanna be cool, wanna be loved\r\n너와의 same love\r\nBaby I want it\r\n\r\n친구 놈이 누른 좋아요로\r\n보이는 네 얼굴은 훨씬 좋아 보여\r\n새 남친과 찍은 사진 속 tag tag\r\n덕분에 추억 속으로 난 backspace\r\n그 세상은 어느새 다들 멈춰 있는데\r\n난 왜 여전히 그 시간에 걸쳐 있는데?\r\nHa 넌 내 생각을 할까? (할까?)\r\n고민하며 좋아요를 누를까 말까\r\n수십 번을 반복해\r\n너의 마음은 마치 단두대처럼\r\n나를 싹둑 가차 없이 잘라 냈지만\r\n난 도깨비 감투, 몰래 다가가\r\n너의 일상생활을 맨날 보네\r\n그때마다 머릿속은 백팔번뇌\r\nOh shit 내 생각은 할까? (할까?)\r\n고민하며 좋아요를 누르지 말자\r\n\r\n넌 남이 되고 오히려 더 좋아 보여 pretty woman\r\nYeah Yeah Yeah Yeah\r\n오 얄밉게도 여전히 넌 좋아 보여 pretty woman\r\nOh pretty woman\r\nDon''t wanna be fool, wanna be cool, wanna be loved\r\n너와의 same love\r\nI know it''s over\r\nDon''t wanna be fool, wanna be cool, wanna be loved\r\n너와의 same love\r\nBaby I want it\r\n\r\n너 요즘에 어떻게 지내고 있나\r\n궁금해 보니 좋아요가 빛나\r\n나 없이 잘 사는 네가\r\n왜 생각났지? 찾아온 건 한심만 더\r\n나도 누르고 갈게 네 글 위에\r\n난 요즘 너 없이 이렇게 지내\r\n(Know you want it)\r\n\r\n넌 남이 되고 오히려 더 좋아 보여 pretty woman\r\nYeah Yeah Yeah Yeah\r\n오 얄밉게도 여전히 넌 좋아 보여 pretty woman\r\nOh pretty woman\r\nDon''t wanna be fool, wanna be cool, wanna be loved\r\n너와의 same love\r\nI know it''s over\r\nDon''t wanna be fool, wanna be cool, wanna be loved\r\n너와의 same love\r\nBaby I want it     ', 'https://www.youtube.com/watch?v=-wLNpg5IX_g'),
(13, 'Outro : Circle Room Cypher', '     내 이름은 SUGA\r\n다른 래퍼들은 전부 내 뒤에\r\n오늘도 쌔끈한 이 비트 위에\r\n이리 갔다 저리 갔다\r\n혓바닥을 놀려\r\n너의 랩은 다 졸려\r\n이 CD 다시 돌려\r\n우리 음악들은\r\n여성 분을 울려\r\n우리 이름은 방탄\r\n지금 너네 입에서\r\n나오는 건 감탄\r\nI''m a boy 멋진\r\nI''m a boy 착한\r\n근데 내 목소리는 사탄\r\n너는 1 탄 나는 4 탄\r\n나는 너를 치유하는 이가탄\r\n네 랩은 돼지 나는 잘록\r\n너는 리본 돼지\r\n나는 발록 걍 발러\r\nCommedes Rolex\r\nDior Hermes\r\n나한테 어울리는 단어네\r\n근데 너한테 어울리는 건 좀생이\r\n아니면 폼페이 걍\r\n폭발했지 상대를 좀 가려\r\n아 근데 나 지금 오줌 마려\r\n오늘도 got ya\r\n내 freestyle rapping\r\n이 장단 맞추며 폼 내 쭉 세팅\r\nTop MC 답게 MCM에\r\nGUCCI Alexander McQueen\r\n뭐 됐지 랩 처음 할 때\r\n지금은 달라 비트에 걸음 하네\r\n난 열흘 만에 타파 모두 잡아\r\n정국 날 봐 날 봐 날 봐\r\n그래 형들 랩들 잘 들었어\r\n남준이 형 가사\r\n이제는 철 들었어\r\n형들의 랩 실력이 고만고만해\r\n칭찬이야 이제는 그만 그만해\r\n내 앞에 홉이 형 긴장하고 있어\r\n뭐가 떨려 가서 김장하고 있어\r\n대구 사투리 살아 있네\r\n윤기 형 살아 있네\r\n이건 우리 음악 중에 Skit\r\n여기서 보여 줄게 내 한 칼 Skill\r\n내 내 내 내 내 이름 J-Hope\r\n멋있어서 흔적이 남지\r\nThat''s Force\r\nGod Damn 광주가 낳은 힙합\r\n이건 전라도 랩의 첫 시작\r\n모두 털어 줄게 거덜나게\r\n우린 멋져부러 허벌나게\r\n내 이름 진 끊임없이 잘생김\r\n근데 내 별명 찐따\r\nBut 최근 들어 따가 빠졌지\r\nYeah 이제 내 별명은 진\r\n그래서 내 예명 진\r\n내 이름은 지민\r\n여기 보컬 팀들 내 랩에 지림\r\n태형아 네 랩들은\r\n냄새나 좀 비림\r\n내가 누군지 좀 알아봐 미리     ', ''),
(14, 'Cold Love', '힘없는 인사를 하는 너 마지막을 예감하는 나\r\nOh Wanna change 우리가 사랑했던 때로\r\n무거운 표정을 하는 너 가벼운 농담을 하는 나\r\nOh Wanna change 우리가 사랑했던 때로\r\n\r\n슬픈 예감 속에 갇혀서 도망치지 못하고\r\n미안하단 말에 무너지는 나는 어떡해\r\n\r\n독한 사랑에 내 심장이 멈춰 내 심장이 찢어져 파편들처럼\r\n이 병든 사랑에 내 숨이 멎어가 서서히 숨을 죽여\r\n하루하루 또 시들어가 들꽃처럼\r\n\r\n이별을 말하는 소나타 말하지 않아도 아는 말\r\nOh Wanna change 우리가 사랑했던 때로\r\n\r\n사랑을 보내는 그 눈빛 안아도 싸늘한 너의 품\r\nOh Wanna change 우리가 사랑했던 때로\r\n\r\n아픈 이별 곁에 머물러 뿌리치지 못하고\r\n고맙다는 말에 휘청대는 나는 어떡해\r\n\r\n독한 사랑에 내 심장이 멈춰 내 심장이 찢어져 파편들처럼\r\n이 병든 사랑에 내 숨이 멎어가 서서히 숨을 죽여\r\n하루하루 또 시들어가 들꽃처럼\r\n\r\n웃음 뒤에 숨은 눈물이 기다렸다는 듯 떨어져\r\nOh Wanna change 우리가 사랑했던 때로\r\n\r\n독한 사랑에 힘없이 무너져 한없이 사랑했던 모든 것들이\r\n이 병든 사랑에 내 숨이 멎어가 서서히 숨을 죽여\r\n하루하루 또 시들어가 들꽃처럼      ', ''),
(15, 'Loser', ' LOSER 외톨이\r\n센 척하는 겁쟁이\r\n못된 양아치\r\n거울 속에 넌\r\nJUST A LOSER\r\n외톨이 상처뿐인 머저리\r\n더러운 쓰레기\r\n거울 속에 난 I’M A\r\n\r\n솔직히 세상과 난\r\n어울린 적 없어\r\n홀로였던 내겐\r\n사랑 따윈 벌써\r\n잊혀 진지 오래\r\n저 시간 속에\r\n더 이상은 못 듣겠어\r\n희망찬 사랑 노래\r\n너나 나나\r\n그저 길들여진 대로\r\n각본 속에 놀아나는\r\n슬픈 삐에로\r\n난 멀리 와버렸어\r\nI’M COMING HOME\r\n이제 다시 돌아갈래\r\n어릴 적 제자리로\r\n\r\n언제부턴가 난\r\n하늘 보다 땅을\r\n더 바라보게 돼\r\n숨쉬기조차 힘겨워\r\n손을 뻗지만\r\n그 누구도\r\n날 잡아 주질 않네 I’M A\r\n\r\nLOSER 외톨이\r\n센 척하는 겁쟁이\r\n못된 양아치\r\n거울 속에 넌\r\nJUST A LOSER\r\n외톨이 상처뿐인 머저리\r\n더러운 쓰레기\r\n거울 속에 난 I’M A\r\n\r\n반복되는\r\n여자들과의 내 실수\r\n하룻밤을 사랑하고\r\n해 뜨면 싫증\r\n책임지지 못 할\r\n나의 이기적인 기쁨\r\n하나 땜에 모든 것이\r\n망가져버린 지금\r\n멈출 줄 모르던\r\n나의 위험한 질주\r\n이젠 아무런 감흥도\r\n재미도 없는 기분\r\n나 벼랑 끝에\r\n혼자 있네\r\nI’M GOING HOME\r\n나 다시 돌아갈래\r\n예전의 제자리로\r\n\r\n언제부턴가 난\r\n사람들의 시선을\r\n두려워만 해\r\n우는 것조차 지겨워\r\n웃어보지만\r\n그 아무도 날\r\n알아주질 않네 I’M A\r\n\r\nLOSER 외톨이\r\n센 척하는 겁쟁이\r\n못된 양아치\r\n거울 속에 넌\r\nJUST A LOSER\r\n외톨이 상처뿐인 머저리\r\n더러운 쓰레기\r\n거울 속에 난\r\n\r\n파란 저 하늘을\r\n원망하지 난\r\n가끔 내려놓고 싶어져\r\nI wanna SAY GOOD BYE\r\n이 길의 끝에\r\n방황이 끝나면\r\n부디 후회 없는 채로\r\n두 눈 감을 수 있길\r\n\r\nLOSER 외톨이\r\n센 척하는 겁쟁이\r\n못된 양아치\r\n거울 속에 넌\r\nJUST A LOSER\r\n외톨이 상처뿐인 머저리\r\n더러운 쓰레기\r\n거울 속에 난 I’M A\r\n\r\nLOSER\r\nI’M A LOSER\r\nI’M A LOSER\r\nI’M A LOSER ', 'https://www.youtube.com/watch?v=1CTced9CMMk'),
(16, 'Pray', NULL, NULL),
(17, 'Don''t Wanna Cry', NULL, NULL),
(18, 'Playing With Fire', NULL, NULL),
(19, 'Face', NULL, NULL),
(20, 'Freeze', 'freeeeeze', 'asdasdasdasfjhzuikugi dtztzzh'),
(21, 'ON', 'I can''t understand what people are sayin''\r\n어느 장단에 맞춰야 될지\r\n한 발자국 떼면 한 발자국 커지는 shadow\r\n잠에서 눈을 뜬 여긴 또 어디\r\n어쩜 서울 또 New York or Paris\r\n일어나니 휘청이는 몸\r\n\r\nLook at my feet, look down\r\n날 닮은 그림자\r\n흔들리는 건 이놈인가\r\n아니면 내 작은 발끝인가\r\n두렵잖을 리 없잖아\r\n다 괜찮을 리 없잖아\r\n그래도 I know\r\n서툴게 I flow\r\n저 까만 바람과 함께 날아\r\n\r\nHey na na na\r\n미치지 않으려면 미쳐야 해\r\nHey na na na\r\n나를 다 던져 이 두 쪽 세상에\r\nHey na na na\r\nCan’t hold me down cuz you know I’m a fighter\r\n제 발로 들어온 아름다운 감옥\r\nFind me and I''m gonna live with ya\r\n\r\n(Eh-oh)\r\n가져와 bring the pain oh yeah\r\n(Eh-oh)\r\n올라타봐 bring the pain oh yeah\r\nRain be pourin''\r\nSky keep fallin''\r\nEveryday oh na na na\r\n(Eh-oh)\r\n가져와 bring the pain oh yeah\r\n\r\nBring the pain\r\n모두 내 피와 살이 되겠지\r\nBring the pain\r\nNo fear, 방법을 알겠으니\r\n작은 것에 breathe\r\n그건 어둠 속 내 산소와 빛\r\n내가 나이게 하는 것들의 힘\r\n넘어져도 다시 일어나 scream\r\n\r\n넘어져도 다시 일어나 scream\r\n언제나 우린 그랬으니\r\n설령 내 무릎이 땅에 닿을지언정\r\n파묻히지 않는 이상\r\n그저 그런 해프닝쯤 될 거란 걸\r\nWin no matter what\r\nWin no matter what\r\nWin no matter what\r\n네가 뭐라던 누가 뭐라던\r\nI don''t give a uhh\r\nI don''t give a uhh\r\nI don''t give a uhh\r\n\r\nHey na na na\r\n미치지 않으려면 미쳐야 해\r\nHey na na na\r\n나를 다 던져 이 두 쪽 세상에\r\nHey na na na\r\nCan’t hold me down cuz you know I’m a fighter\r\n제 발로 들어온 아름다운 감옥\r\nFind me and I''m gonna live with ya\r\n\r\n(Eh-oh)\r\n가져와 bring the pain oh yeah\r\n(Eh-oh)\r\n올라타봐 bring the pain oh yeah\r\nRain be pourin''\r\nSky keep fallin''\r\nEveryday oh na na na\r\n(Eh-oh)\r\n가져와 bring the pain oh yeah\r\n\r\n나의 고통이 있는 곳에\r\n내가 숨 쉬게 하소서\r\nMy everythin’\r\nMy blood and tears\r\nGot no fears\r\nI''m singin’ ohhhhh\r\nOh I’m takin’ over\r\nYou should know yeah\r\nCan’t hold me down cuz you know I’m a fighter\r\n깜깜한 심연 속 기꺼이 잠겨\r\nFind me and I’m gonna bleed with ya\r\n\r\n(Eh-oh)\r\n가져와 bring the pain oh yeah\r\n(Eh-oh)\r\n올라타봐 bring the pain oh yeah\r\nRain be pourin''\r\nSky keep fallin''\r\nEveryday oh na na na\r\n(Eh-oh)\r\nFind me and I’m gonna bleed with ya\r\n\r\n(Eh-oh)\r\n가져와 bring the pain oh yeah\r\n(Eh-oh)\r\n올라타봐 bring the pain oh yeah\r\nAll that I know\r\nis just goin’ on &amp; on &amp; on &amp; on\r\n(Eh-oh)\r\n가져와 bring the pain oh yeah', 'https://www.youtube.com/watch?v=mPVDGOVjRQ0'),
(45, 'Obliviate', '', ''),
(47, 'Boy With Luv', '', NULL),
(53, 'BAE BAE', NULL, NULL);

-- 
-- Dumping data for table felhasznalok
--
INSERT INTO felhasznalok VALUES
(1, 'rendszergazda', 'teszt@localhost', '$2y$10$/C/xkUVgkab57.S8jCb16.SAlwSyZQ1YKRCx6qcGZpqbzB5PrBLkK', 'Rendszergazda', 1, '67c6a1e7ce56d3d6fa748ab6d9af3fd7'),
(9, 'admin', 'asdasd@localhost', '$2y$10$/C/xkUVgkab57.S8jCb16.SAlwSyZQ1YKRCx6qcGZpqbzB5PrBLkK', 'Admin', 1, '67c6a1e7ce56d3d6fa748ab6d9af3fd7'),
(16, 'felhasznalo', 'demodezso@localhost', '$2y$10$5FOUwCKMgo2mMeCmSFDl7uhLl1AzThRY/iOVsG3BiLH12tZOuT2S2', 'Felhasználó', 1, 'a666587afda6e89aec274a3657558a27');

-- 
-- Dumping data for table kapcsolo_zene_album_eloado
--
INSERT INTO kapcsolo_zene_album_eloado VALUES
(1, 1, 1, 1, 0),
(2, 3, 21, 4, 1),
(3, 1, 1, 2, 1),
(4, 1, 1, 3, 0),
(5, 2, 9, 5, 0),
(6, 2, 7, 6, 1),
(7, 2, 2, 7, 0),
(8, 2, 2, 8, 0),
(9, 2, 2, 9, 0),
(10, 2, 2, 10, 1),
(11, 2, 2, 11, 0),
(12, 2, 2, 12, 0),
(13, 2, 2, 13, 0),
(14, 4, 22, 14, 0),
(15, 8, 23, 15, 1),
(16, 5, 24, 16, 1),
(17, 6, 25, 17, 1),
(18, 7, 27, 19, 1),
(19, 9, 26, 18, 1),
(64, 44, 51, NULL, 0),
(66, 1, 18, 45, 1),
(67, 2, 16, 21, 1),
(68, 2, 15, 47, 1),
(69, 1, 17, NULL, 0),
(73, 2, 3, NULL, 0),
(74, 2, 4, NULL, 0),
(75, 2, 5, NULL, 0),
(76, 2, 6, NULL, 0),
(77, 2, 8, NULL, 0),
(78, 2, 10, NULL, 0),
(79, 2, 11, NULL, 0),
(80, 2, 13, NULL, 0),
(81, 2, 14, NULL, 0),
(82, 2, 12, NULL, 0),
(83, 1, 19, NULL, 0),
(84, 1, 20, NULL, 0),
(93, 8, 23, 53, 0);

-- 
-- Dumping data for table forditasok
--
INSERT INTO forditasok VALUES
(2, 'Megint te vagy az', 'Újra és újra rólad gondolkozom. Mit... mit tehetnék még?\r\nMagányomban szorongok, miközben mögötted sétálok\r\nÚjra és újra rólad gondolkozom. Mit... mit tehetnék még?\r\nEsni kezd, megfordulok\r\nMagányosan mögötted sétálok\r\n\r\nMiután elveszítettelek, úgy éreztem magam, mint egy darab WC-papír\r\nA napjaim egyhangú munkából és kevesebb sétálásból álltak\r\nÁlmaimban, még messziről láttalak\r\nAzt mondtad, nem történt semmi, természetesen mosolyogtál\r\nMajd szívtelenül elhagytál\r\nŐszintén mondtam, ez rendben van\r\nEz tökéletes jelenet lenne, ha esne az eső\r\nMár nem hallgatsz meg, a napsütés is csak átverés\r\n\r\nÚjra rólad gondolkozom, mikor esni kezd\r\nA szemeim könnyel telnek meg\r\nMikor próbálok bátor lenni\r\nÉs kinyitni az ajtót még egyszer\r\nCsak hátrébb állok, és kopogok\r\n\r\nÉn vagyok az egyetlen, aki sír\r\nMikor rád nézek\r\nMinden ok nélkül szemeim\r\nEgyre jobban nedvesebbek\r\nSzükségem van rád\r\nSzámodra teher vagyok\r\nEttől összeszorul a mellkasom\r\nSajnálom, hogy szeretlek.\r\n\r\nRólad gondolkozom, mikor sétálok az utcán\r\nMegint előttem leszel, mint az elején?\r\nA szívem újra és újra azt mondja padlón van\r\nHa üres érzésekkel szeretsz…\r\nMit tehetnék? Mit kellene tennem?\r\n\r\nMinden este leiszom magam\r\nA bosszantó nyaggatásaid\r\nVisszhangoznak fülemben\r\nLegyűröm összegyűlt könnyeim\r\nPróbálom visszafogni, de kihányok mindent\r\nAz emlékeink padlóra küldenek\r\nNem számít, mennyire kitörölném őket, még tisztán látszanak\r\nMiért nem tudod, hiányzol csajszi?\r\nElhalványulsz majd, az idő múlásával?\r\n\r\nÚjra rólad gondolkozom, mikor esni kezd\r\nA szemeim könnyel telnek meg\r\nMikor próbálok bátor lenni\r\nÉs kinyitni az ajtót még egyszer\r\nCsak hátrébb állok, és kopogok\r\n\r\n(Mit csinálsz?) Hol vagy?\r\n(Újra) Valakivel vagy?\r\nHívlak, néma választól\r\nLemondóan sóhajtok\r\n(Mit csinálsz?) Itt vagyok, egyedül.\r\n(Újra) Titokban törlöm le könnyeim\r\nPróbálok úgy tenni, mintha jól lennék, de úgy érzem, haldoklom\r\nSajnálom, szeretlek.\r\n\r\nRólad gondolkozom, mikor sétálok az utcán\r\nMegint előttem leszel, mint az elején?\r\nA szívem újra és újra azt mondja, padlón van\r\nHa üres érzésekkel szeretsz…\r\nMit tehetnék?\r\n\r\nKiszakítottál belőlem egy darabot\r\nNem bírom tovább elfojtani sírásom \r\nMint egy elégedetlen gyerek, eldobom a párnám\r\n(Nekem csak te vagy, az egyetlen szerelmem)\r\nNe menj! Megállítanám az időt\r\nMásodjára nem haboznék\r\nBármit kérnél, megadnám\r\n\r\nKisimítom az összegyűrt fényképet\r\nLépésenként haladok oda, ahol vagy\r\nDe valami mindig távol tart minket egymástól\r\nFagyasszuk meg a pillanatot, itt és most\r\n(Egyre távolabb kerülünk egymástól)\r\n\r\nKisimítom az összegyűrt fényképet\r\nLépésről lépésre haladok oda, ahol vagy\r\nDe valami mindig távol tart minket egymástól\r\nFagyasszuk meg a pillanatot, itt és most\r\n(Ez a pillanat tartson örökké)\r\n\r\nMit csinálsz? Újra esni kezd\r\nMagányosan mögötted sétálok', 1, 3),
(4, 'Ments meg', 'Lélegezni akarok, utálom ezt az éjszakát\r\nFel akarok ébredni, utálom ezt az álmot\r\nÖnmagam csapdájába estem és haldoklom\r\nNem akarok magányos lenni, csak a tiéd akarok lenni\r\n\r\nMiért van olyan nagyon sötét azon a helyen, ahol te nem vagy ott?\r\nVeszélyes ez a tönkrement énem\r\nMents meg, nem tudom irányítani magamat\r\n\r\nHallgasd a szívverésemet\r\nA maga módján téged szólít\r\nEbben a koromfekete sötétségben\r\nOlyan ragyogó vagy\r\n\r\nKérlek, nyújtsd felém a kezed és ments meg\r\nSzükségem van a szerelmedre, mielőtt összeomlok\r\nKérlek, nyújtsd felém a kezed és ments meg\r\nSzükségem van a szerelmedre, mielőtt összeomlok\r\n\r\nKérlek, nyújtsd felém a kezed és ments meg\r\nKérlek, nyújtsd felém a kezed és ments meg\r\n\r\nMents meg\r\n\r\nMa is beragyogja a Hold az üres emlékeimet\r\nElnyelt engem ez az örültség\r\nKérlek, ments meg ma este\r\nEbből a gyerekes őrültségből ments meg ma este \r\n\r\nTudtam, te voltál a megmentőm\r\nA fájdalom az életem része, és te vagy az egyetlen, aki segít elviselni\r\nA legjobbat hozod ki belőlem\r\nNekem csak te vagy\r\nKérlek, emeld fel a hangod, hogy ismét mosolyogni tudjak\r\nJátssz tovább\r\n\r\nHallgasd a szívverésemet\r\nA maga módján téged szólít\r\nEbben a koromfekete sötétségben\r\nOlyan ragyogó vagy\r\n\r\nKérlek, nyújtsd felém a kezed és ments meg\r\nSzükségem van a szerelmedre, mielőtt összeomlok\r\nKérlek, nyújtsd felém a kezed és ments meg\r\nSzükségem van a szerelmedre, mielőtt összeomlok\r\n\r\nKérlek, nyújtsd felém a kezed és ments meg\r\nKérlek, nyújtsd felém a kezed és ments meg\r\n\r\nKöszönöm, hogy engedtél önmagamat adni\r\nHogy segítettél szárnyalni\r\nHogy szárnyakat adtál nekem,\r\nHogy egyenesbe hoztál\r\nHogy felébresztettél a bezártságomból\r\nHogy felébresztettél az álomból, amiben éltem\r\nAmikor rád gondolok, a Nap előbújik\r\nMegszabadulok a szomorúságtól\r\nKöszönöm, hogy az enyém voltál\r\n\r\nKérlek, nyújtsd felém a kezed és ments meg\r\nSzükségem van a szerelmedre, mielőtt összeomlok\r\nKérlek, nyújtsd felém a kezed és ments meg\r\nSzükségem van a szerelmedre, mielőtt összeomlok\r\n', 16, 5),
(5, 'Az ok, amiért boszorkány lettem', 'Tudod, végeztünk\r\nMost már vége\r\nEz nem törlesztés\r\nEz a visszatérésem\r\n\r\nExtra\r\nOlvass róla\r\nA királynő újra játékban\r\n\r\nItt vagyunk\r\n\r\nAyo, ez NS Yoon-G, hol ez a lány?\r\n\r\nNe játszd a hülyét\r\nEz már a negyedik hibád\r\nNincs több esélyed, nincs alibid\r\nMit fogsz csinálni? Mi lesz most?\r\nUtálni akarlak\r\nSzállj le rólam, menj el, csak menj\r\n\r\nNem hiszem, hogy érted\r\nSzerezd vissza, mondtam, hogy szerezd vissza\r\n\r\nA sötét hátsószándékaid nagyon merészek,\r\nDe többé nem vagyok olyan naiv\r\n\r\nMiért változol? Elfelejthetetlen.\r\n\r\nNagyon rossz fiú vagy\r\n\r\nUtállak, elfelejtelek, utállak\r\nFogd be, kérlek, csak add fel\r\nAzért lettem boszorkány\r\nAzért lettem gonosz\r\nMert…\r\nAz egész miattad van\r\n\r\nEz nem fog megint megtörténni\r\nNe légy szánalmas, hagyd abba a sírást\r\nKérlek\r\n\r\nMiért változol? Elfelejthetetlen.\r\n\r\nNagyon rossz fiú vagy\r\n\r\nUtállak, elfelejtelek, utállak\r\nFogd be, kérlek, csak add fel\r\nAzért lettem boszorkány\r\nAzért lettem gonosz\r\nMert…\r\nAz egész miattad van\r\n\r\nEltapostad a szerelmem és kinevettél\r\nKapaszkodtál ebbe a buta szerelembe\r\nAzért lettem boszorkány\r\nAz ok, amiért meg lettem átkozva, de most\r\nMenekülj, mert fegyverrel vagyok\r\n\r\nUtállak, elfelejtelek, utállak\r\nFogd be, kérlek, csak add fel\r\nAzért lettem boszorkány\r\nAzért lettem gonosz\r\nMert…\r\nAz egész miattad van\r\n\r\nEltapostad a szerelmem és kinevettél\r\nKapaszkodtál ebbe a buta szerelembe\r\nAzért lettem boszorkány\r\nAz ok, amiért meg lettem átkozva, de most\r\nMenekülj, mert fegyverrel vagyok', 1, 4),
(26, 'Szükségem van rád', 'Széthullik (minden) Széthullik (minden) Széthullik (minden)\r\nSzertefoszlik\r\nSzéthullik (minden) Széthullik (minden) Széthullik (minden)\r\nSzétesik\r\n\r\nRomokban heverek miattad\r\nElég volt, végeztem veled\r\nRosszabb vagy, mint gondoltam\r\nKérlek, ne keress több kifogást\r\n\r\nNe tedd ezt velem\r\nMinden, amit mondtál, mint egy maszk\r\nElrejtette az igazságot\r\nAz őrület szélére sodortál, ezt mindennél jobban utálom\r\nVegyél el mindent, hogy utálhassalak\r\n\r\nDe te vagy a mindenem (Te vagy)\r\nA mindenem (Te vagy)\r\nA mindenem (Te vagy)\r\nKérlek, menj el\r\n\r\nSajnálom (Utállak)\r\nSzeretlek (Utállak)\r\nBocsáss meg! (Francba)\r\n\r\nSzükségem van rád, csajszi\r\nMiért én szeretek egyedül és miért csak én búcsúzom el?\r\nSzükségem van rád, csajszi\r\nMiért kellesz, mikor tudom, hogy újra meg fogok sérülni?\r\n\r\nSzükségem van rád csajszi. Gyönyörű vagy.\r\nSzükségem van rád csajszi. Annyira rideg vagy.\r\nSzükségem van rád csajszi. Szükségem van rád csajszi.\r\nSzükségem van rád csajszi. Szükségem van rád csajszi.\r\n\r\nEz ismétlődik újra meg újra, miért jövök én mindig vissza?\r\nEgyre lejjebb süllyedek, és egy idiótának érzem magam.\r\nBármit teszek, semmi sem segíthet rajtam.\r\nNyilvánvaló, hogy a szívem, az eszem, és a lelkem nem hallgatnak rám...\r\nMegint magamban beszélek. Megint magamban beszélek.\r\nMegint magamban beszélek. Megint magamban beszélek.\r\nMert te nem mondasz semmit. Kérlek, jobb leszek.\r\nÉs az ég újra kék lesz. És az ég újra kék lesz.\r\n\r\nTalán mert az ég kék, és a Nap is ragyog,\r\nA könnyeim is jobban láthatók.\r\nMiért ismertelek meg? Miért téged az összes ember közül?\r\nMiért nem tudlak elhagyni?\r\n\r\nSzükségem van rád, csajszi.\r\nMiért én szeretek egyedül és miért csak én búcsúzom el?\r\nSzükségem van rád, csajszi.\r\nMiért kellesz, mikor tudom, hogy újra meg fogok sérülni?\r\n\r\nSzükségem van rád csajszi. Gyönyörű vagy.\r\nSzükségem van rád csajszi. Annyira rideg vagy.\r\nSzükségem van rád csajszi. Szükségem van rád csajszi.\r\nSzükségem van rád csajszi. Szükségem van rád csajszi.\r\n\r\nCsajszi, csak mondd meg, ha szakítani akarsz.\r\nCsajszi, csak mondd meg, ez nem volt szerelem.\r\nNekem nincs bátorságom kimondani...\r\nAdd ezt utolsó ajándékként,\r\nÉs nem jövök többet vissza hozzád.\r\n\r\nSzükségem van rád, csajszi.\r\nMiért én szeretek egyedül és miért csak én búcsúzom el?\r\nSzükségem van rád, csajszi.\r\nMiért kellesz, mikor tudom, hogy újra meg fogok sérülni?\r\n\r\nSzükségem van rád csajszi. Gyönyörű vagy.\r\nSzükségem van rád csajszi. Annyira rideg vagy.\r\nSzükségem van rád csajszi. Szükségem van rád csajszi.\r\nSzükségem van rád csajszi. Szükségem van rád csajszi.', 9, 6),
(27, 'Kellesz Nekem', 'Széthullik (minden) Széthullik (minden) Széthullik (minden)\r\nSzertefoszlik\r\nSzéthullik (minden) Széthullik (minden) Széthullik (minden)\r\nSzétesik\r\n\r\nRomokban heverek miattad\r\nElég volt, végeztem veled\r\nRosszabb vagy, mint gondoltam\r\nKérlek, ne keress több kifogást\r\n\r\nNe tedd ezt velem\r\nMinden, amit mondtál, mint egy maszk\r\nElrejtette az igazságot\r\nAz őrület szélére sodortál, ezt mindennél jobban utálom\r\nVegyél el mindent, hogy utálhassalak\r\n\r\nDe te vagy a mindenem (Te vagy)\r\nA mindenem (Te vagy)\r\nA mindenem (Te vagy)\r\nKérlek, menj el\r\n\r\nSajnálom (Utállak)\r\nSzeretlek (Utállak)\r\nBocsáss meg! (Francba)\r\n\r\nSzükségem van rád, csajszi\r\nMiért én szeretek egyedül és miért csak én búcsúzom el?\r\nSzükségem van rád, csajszi\r\nMiért kellesz, mikor tudom, hogy újra meg fogok sérülni?\r\n\r\nSzükségem van rád csajszi. Gyönyörű vagy.\r\nSzükségem van rád csajszi. Annyira rideg vagy.\r\nSzükségem van rád csajszi. Szükségem van rád csajszi.\r\nSzükségem van rád csajszi. Szükségem van rád csajszi.\r\n\r\nEz ismétlődik újra meg újra, miért jövök én mindig vissza?\r\nEgyre lejjebb süllyedek, és egy idiótának érzem magam.\r\nBármit teszek, semmi sem segíthet rajtam.\r\nNyilvánvaló, hogy a szívem, az eszem, és a lelkem nem hallgatnak rám...\r\nMegint magamban beszélek. Megint magamban beszélek.\r\nMegint magamban beszélek. Megint magamban beszélek.\r\nMert te nem mondasz semmit. Kérlek, jobb leszek.\r\nÉs az ég újra kék lesz. És az ég újra kék lesz.\r\n\r\nTalán mert az ég kék, és a Nap is ragyog,\r\nA könnyeim is jobban láthatók.\r\nMiért ismertelek meg? Miért téged az összes ember közül?\r\nMiért nem tudlak elhagyni?\r\n\r\nSzükségem van rád, csajszi.\r\nMiért én szeretek egyedül és miért csak én búcsúzom el?\r\nSzükségem van rád, csajszi.\r\nMiért kellesz, mikor tudom, hogy újra meg fogok sérülni?\r\n\r\nSzükségem van rád csajszi. Gyönyörű vagy.\r\nSzükségem van rád csajszi. Annyira rideg vagy.\r\nSzükségem van rád csajszi. Szükségem van rád csajszi.\r\nSzükségem van rád csajszi. Szükségem van rád csajszi.\r\n\r\nCsajszi, csak mondd meg, ha szakítani akarsz.\r\nCsajszi, csak mondd meg, ez nem volt szerelem.\r\nNekem nincs bátorságom kimondani...\r\nAdd ezt utolsó ajándékként,\r\nÉs nem jövök többet vissza hozzád.\r\n\r\nSzükségem van rád, csajszi.\r\nMiért én szeretek egyedül és miért csak én búcsúzom el?\r\nSzükségem van rád, csajszi.\r\nMiért kellesz, mikor tudom, hogy újra meg fogok sérülni?\r\n\r\nSzükségem van rád csajszi. Gyönyörű vagy.\r\nSzükségem van rád csajszi. Annyira rideg vagy.\r\nSzükségem van rád csajszi. Szükségem van rád csajszi.\r\nSzükségem van rád csajszi. Szükségem van rád csajszi.', 1, 6),
(29, 'Szükségem van rád 2.0', 'Széthullik (minden) Széthullik (minden) Széthullik (minden)\r\nSzertefoszlik\r\nSzéthullik (minden) Széthullik (minden) Széthullik (minden)\r\nSzétesik\r\n\r\nRomokban heverek miattad\r\nElég volt, végeztem veled\r\nRosszabb vagy, mint gondoltam\r\nKérlek, ne keress több kifogást\r\n\r\nNe tedd ezt velem\r\nMinden, amit mondtál, mint egy maszk\r\nElrejtette az igazságot\r\nAz őrület szélére sodortál, ezt mindennél jobban utálom\r\nVegyél el mindent, hogy utálhassalak\r\n\r\nDe te vagy a mindenem (Te vagy)\r\nA mindenem (Te vagy)\r\nA mindenem (Te vagy)\r\nKérlek, menj el\r\n\r\nSajnálom (Utállak)\r\nSzeretlek (Utállak)\r\nBocsáss meg! (Francba)\r\n\r\nSzükségem van rád, csajszi\r\nMiért én szeretek egyedül és miért csak én búcsúzom el?\r\nSzükségem van rád, csajszi\r\nMiért kellesz, mikor tudom, hogy újra meg fogok sérülni?\r\n\r\nSzükségem van rád csajszi. Gyönyörű vagy.\r\nSzükségem van rád csajszi. Annyira rideg vagy.\r\nSzükségem van rád csajszi. Szükségem van rád csajszi.\r\nSzükségem van rád csajszi. Szükségem van rád csajszi.\r\n\r\nEz ismétlődik újra meg újra, miért jövök én mindig vissza?\r\nEgyre lejjebb süllyedek, és egy idiótának érzem magam.\r\nBármit teszek, semmi sem segíthet rajtam.\r\nNyilvánvaló, hogy a szívem, az eszem, és a lelkem nem hallgatnak rám...\r\nMegint magamban beszélek. Megint magamban beszélek.\r\nMegint magamban beszélek. Megint magamban beszélek.\r\nMert te nem mondasz semmit. Kérlek, jobb leszek.\r\nÉs az ég újra kék lesz. És az ég újra kék lesz.\r\n\r\nTalán mert az ég kék, és a Nap is ragyog,\r\nA könnyeim is jobban láthatók.\r\nMiért ismertelek meg? Miért téged az összes ember közül?\r\nMiért nem tudlak elhagyni?\r\n\r\nSzükségem van rád, csajszi.\r\nMiért én szeretek egyedül és miért csak én búcsúzom el?\r\nSzükségem van rád, csajszi.\r\nMiért kellesz, mikor tudom, hogy újra meg fogok sérülni?\r\n\r\nSzükségem van rád csajszi. Gyönyörű vagy.\r\nSzükségem van rád csajszi. Annyira rideg vagy.\r\nSzükségem van rád csajszi. Szükségem van rád csajszi.\r\nSzükségem van rád csajszi. Szükségem van rád csajszi.\r\n\r\nCsajszi, csak mondd meg, ha szakítani akarsz.\r\nCsajszi, csak mondd meg, ez nem volt szerelem.\r\nNekem nincs bátorságom kimondani...\r\nAdd ezt utolsó ajándékként,\r\nÉs nem jövök többet vissza hozzád.\r\n\r\nSzükségem van rád, csajszi.\r\nMiért én szeretek egyedül és miért csak én búcsúzom el?\r\nSzükségem van rád, csajszi.\r\nMiért kellesz, mikor tudom, hogy újra meg fogok sérülni?\r\n\r\nSzükségem van rád csajszi. Gyönyörű vagy.\r\nSzükségem van rád csajszi. Annyira rideg vagy.\r\nSzükségem van rád csajszi. Szükségem van rád csajszi.\r\nSzükségem van rád csajszi. Szükségem van rád csajszi.', 16, 6),
(35, 'Vesztes', 'Magányos vesztes vagyok\r\nEgy gyáva, aki erősnek tetteti magát\r\nEgy gonosz rossz fiú\r\nA tükörben csak\r\nEgy vesztes vagyok\r\nEgy magányos bolond, teli sebekkel\r\nSzemétláda\r\nA tükörben én egy\r\n\r\nŐszintén sosem illetem be a világba\r\nMindig is egyedül voltam\r\nMár rég elfeledtem a szerelmet\r\nMár nem bírok reményteli szerelmes dalokat hallgatni\r\nTe meg én mindketten\r\nCsak  irányított bánatos bocócok vagyunk\r\nTúl messzire jöttem\r\nHazajövök\r\nVissza akarok menni\r\nMikor még fiatal voltam\r\n\r\nEgy idő után többet bámultam a földet mint az eget\r\nNehéz lélegezni is\r\nKinyújtom a kezem\r\nDe senki sem fogja meg\r\nÉn egy\r\n\r\nMagányos vesztes vagyok\r\nEgy gyáva, aki erősnek tetteti magát\r\nEgy gonosz rossz fiú\r\nA tükörben csak\r\nEgy vesztes vagyok\r\nEgy magányos bolond, teli sebekkel\r\nSzemétláda\r\nA tükörben én egy\r\n\r\nLányok és hibák körforgása\r\nEgy éjjelig szeretem őket\r\nÉs utálom őket mikor eljön a reggel\r\nNem tudom beismerni\r\nAz önző élvezetem miatt\r\nMindent elrontok\r\nNem tudom abbahagyni ezt a veszélyes gyorsfutást\r\nMár semmi sem érdekel, semmi sem szórakoztat\r\nEgyedül állok egy szakadék szélén\r\nHazamegyek\r\nVissza akarok menni\r\nAmilyen ezelőtt volt\r\n\r\nEgy idő után többet néztem a földet mint az eget\r\nNehéz lélegezni is\r\nKinyújtom a kezem\r\nDe senki sem fogja meg\r\nÉn egy\r\n\r\nMagányos vesztes vagyok\r\nEgy gyáva, aki erősnek tetteti magát\r\nEgy gonosz rossz fiú\r\nA tükörben csak\r\nEgy vesztes vagyok\r\nEgy magányos bolond, teli sebekkel\r\nSzemétláda\r\nA tükörben én egy\r\n\r\nÁtkozom a kék eget\r\nNéha mindent le akarok tenni\r\nEl akarok köszönni\r\nMikor abbahagyom a bolyongást ennek az útnak a végén\r\nRemélem  megbánások nélkül hunyhatom le a szemem \r\n\r\nMagányos vesztes vagyok\r\nEgy gyáva, aki erősnek tetteti magát\r\nEgy gonosz rossz fiú\r\nA tükörben csak\r\nEgy vesztes vagyok\r\nEgy magányos bolond, teli sebekkel\r\nSzemétláda\r\nA tükörben én egy\r\n\r\nVesztes\r\nEgy vesztes vagyok\r\nEgy vesztes vagyok\r\nEgy vesztes vagyok', 1, 15);

-- 
-- Restore previous SQL mode
-- 
/*!40101 SET SQL_MODE=@OLD_SQL_MODE */;

-- 
-- Enable foreign keys
-- 
/*!40014 SET FOREIGN_KEY_CHECKS=@OLD_FOREIGN_KEY_CHECKS */;